cID,ID_LAB,,Project,Origin,Farm_Com,Special,sampling_Year,Producer,Feedstock,Feedstock_grp,comp_Complete,Stones_larger_5mm,Impurities_larger_2_mm,pH_H2O,EC,NO3_N,NH4_N,NNO3_over_NNH4,OM_dry,OM_fresh,DM,Moisture,Volume_weight,OUR,Weed_seeds,Cellulose,Hemicellulose,Biodeg_pot,NDF,ADF,ADL,N_total,TC,IC,OC,C_over_N,Cd_total,Cr_total,Cu_total,Pb_total,Ni_total,Zn_total,Mn_total,As_total,P_total,K_total,Mg_total,Ca_total,Na_total,Fe_total,Al_total,Mn_CEC,Mg_CEC,Ca_CEC,K_CEC,Na_CEC,CEC_total,CEC_diff,total_bact_nspec,total_bact_gpos,total_Actinomycetes,total_bact_gneg,total_AM_fungi,total_Fungi,total_Biomass,prop_Fungi_Bact,ratio_Bact_Fungi,nem_total,nem_Simpson,nem_SW,nem_Channel,nem_Enrichment,nem_Structure,nem_Maturity,Part_size_31_5,Part_size_16,Part_size_12,Part_size_8,Part_size_4,Part_size_2,Part_size_1,Part_size_smaller_1,Bulk_dens_dry_r1,Bulk_dens_dry_r2,Bulk_dens_dry_r3,WHC_com_r1,WHC_com_r2,WHC_com_r3,WHC_com_24h_r1,WHC_com_24h_r2,WHC_com_24h_r3,WHC_com_min10kPa_r1,WHC_com_min10kPa_r2,WHC_com_min10kPa_r3,WHC_soil_r1,WHC_soil_r2,WHC_soil_r3,WHC_soil_24h_r1,WHC_soil_24h_r2,WHC_soil_24h_r3,WHC_soil_min10kPa_r1,WHC_soil_min10kPa_r2,WHC_soil_min10kPa_r3
C001,2019003168,SC_C_PCA_DeBree,Soilcom,Belgium,com,n,2019,De Bree,green,green,n,,,8.43,321,< 27.4894440534835,< 27.4894440534835,1,72.4,41.99,58,42,313.6,4.4,,,,,,,,1.01,,,,,0.29,5.80,13.62,14.10,3.10,65.00,,2.00,1.07,7.05,2.03,1.53431,,,,,,,,,,,156.83,240.78,54.47,25.75,2.40,80.32,537.24,0.16,5.27,,,,,,,,,,,,,,,,,,,,,,,,,,,,,,,,,,,,
C002,2019009996,SC_C_Klintholm2019,Soilcom,Denmark,com,n,2019,Klintholm,green,green,n,3.81,0.000,8.49,645,210.6855554,< 11.302873145142,37.28,19.14,14.14,73.9,26.1,598.6,1.6,0,3.1,2.4,0.92,11.5,9.1,6,0.69,8.90,0.18,8.70,12.70,0.56,16.50,20.87,15.00,7.00,90.90,377.40,1.02,1.64,5.28,2.29,20.93,0.31,10.55,4.08,0.25,6.80,51.62,9.75,0.92,25.39,43.95,43.11,54.41,13.03,14.95,8.11,7.58,140.51,0.06,14.84,,0.11,2.81,38.54,40.78,96.89,2.04,0.00,0.00,0.00,1.63,6.71,7.98,12.25,71.43,467.74,,,1.35,1.33,1.30,1.26,1.33,1.30,0.54,0.53,0.52,0.68,0.69,0.67,0.66,0.69,0.67,0.32,0.32,0.31
C003,2019009997,SC_C_Sandtholdt2019,Soilcom,Denmark,com,n,2019,SandtholdtLyndelse,green,green,n,5.38,0.010,8.52,583,64.73604079,287.4493334,0.225208526,22.14,16.67,75.3,24.7,498.5,7.3,0,4.4,3.2,1.32,13.3,10.1,5.74,1.12,18.50,0.22,18.30,16.30,0.33,9.20,17.52,13.70,7.00,81.00,309.60,3.05,1.39,4.26,1.68,16.25,0.36,10.06,4.27,0.42,4.98,37.01,7.76,1.01,17.07,34.11,53.96,70.04,14.88,17.25,0.70,10.67,165.98,0.07,13.24,,0.12,2.78,2.94,67.25,96.23,1.78,0.00,21.43,0.00,1.90,7.08,7.70,10.35,51.54,379.21,,,1.49,1.47,1.43,1.40,1.47,1.43,0.51,0.50,0.51,0.64,0.65,0.67,0.62,0.65,0.67,0.29,0.30,0.30
C004,2019009998,SC_C_Wagro2019,Soilcom,The Netherlands,com,n,2019,Wagro Waddinxveen,green,green,n,1.06,0.000,7.79,618,136.1507277,< 11.2894467380837,24.12,17.18,10.08,58.7,41.3,754.5,3.5,0,3.1,3.1,1.15,11.6,8.5,5.4,0.73,11.30,0.36,10.90,14.90,0.45,17.50,20.12,30.80,11.20,105.30,270.60,5.08,1.20,4.54,3.20,24.13,0.50,11.30,5.85,0.22,5.36,48.68,6.77,1.13,21.93,40.23,69.12,58.86,11.59,36.70,5.50,16.19,196.05,0.09,10.17,,0.08,3.02,56.37,55.21,86.52,2.76,0.00,19.97,0.00,2.15,13.36,15.02,8.26,41.24,453.28,,,1.21,1.19,1.12,1.06,1.19,1.12,0.69,0.70,0.66,0.69,0.67,0.67,0.65,0.67,0.67,0.39,0.38,0.37
C005,2019010378,SC_C_VanIersel2019,Soilcom,The Netherlands,com,n,2019,Van Iersel,wood,green,n,0.72,0.040,8.1,739,< 15.6009696314645,< 15.6009696314645,1,24.83,13.23,53.3,46.7,601.3,1.6,0,4.9,3.2,0.86,17.5,14.3,9.44,1.04,14.60,0.09,14.60,14.00,0.58,13.00,24.02,25.90,6.40,116.90,292.70,1.02,1.69,5.32,2.16,14.22,0.53,7.11,3.80,0.24,8.39,44.99,10.83,1.87,36.33,29.99,43.31,60.89,13.90,11.08,7.14,4.88,137.05,0.04,23.62,,0.32,1.90,4.42,90.29,82.27,1.78,0.00,0.00,0.00,0.57,4.64,8.82,16.34,69.64,338.36,,,1.69,1.66,1.79,1.52,1.66,1.79,0.77,0.77,0.82,0.71,0.75,0.70,0.69,0.75,0.70,0.42,0.44,0.40
C006,2019010379,SC_C_Orgapower2019,Soilcom,The Netherlands,com,n,2019,Orgapower van Berkel Uden,green,green,n,0.54,0.000,7.42,756,< 12.2223091364205,< 12.2223091364205,1,15.3,9.79,64,36,639.2,3.1,0,2.8,2,0.78,10.9,8.9,6.14,0.91,12.40,0.09,12.30,13.50,0.39,8.70,39.19,19.90,7.00,90.20,181.60,1.01,1.33,3.29,1.28,9.58,0.30,4.96,2.83,0.27,7.66,45.34,9.53,1.53,32.60,31.73,41.32,45.41,9.01,15.88,1.31,5.95,115.68,0.05,17.25,,0.12,2.70,40.87,59.23,96.26,2.44,0.00,0.00,0.00,1.21,2.57,6.41,12.61,77.21,415.33,,,1.33,1.40,1.36,1.24,1.40,1.36,0.57,0.60,0.59,0.69,0.68,0.68,0.67,0.68,0.68,0.33,0.33,0.32
C007,2019010805,SC_C_Btzberg_2019,Soilcom,Germany,com,n,2019,Stadtreinigung Hamburg Btzberg,digestate,fvg,n,0.22,0.020,8.56,1205,52.954136,238.1031295,0.2224,28.31,14.41,50.9,49.1,515.7,4.7,0,6.3,4.6,0.94,22.5,17.9,11.63,1.77,24.40,0.30,24.10,13.60,0.48,10.80,40.60,28.20,4.40,124.00,210.20,1.02,2.50,9.41,2.65,23.08,1.66,5.17,2.76,0.16,11.33,49.98,25.00,6.87,41.12,52.22,122.69,164.79,31.19,20.91,7.58,22.56,362.83,0.07,13.67,,0.80,0.66,21.39,66.38,93.23,2.02,0.00,0.00,0.00,0.23,7.18,17.02,22.43,53.14,278.78,,,2.72,2.68,2.66,2.54,2.68,2.66,1.17,1.17,1.14,0.78,0.75,0.76,0.76,0.75,0.76,0.50,0.51,0.51
C008,2020000286,SC_C_Lubeck_Fertig2019,Soilcom,Germany,com,n,2019,EBL Biomassewerk Lbeck,green,green,n,1.02,0.020,8.33,652,< 14.1866509289419,< 14.1866509289419,1,31.44,22.95,73,27,482.8,4.9,0,8.1,2.9,1.05,21.4,18.5,10.46,1.08,21.30,0.07,21.20,19.70,0.41,12.20,25.99,26.70,7.30,115.00,228.80,1.04,1.60,4.71,2.33,22.13,0.43,10.20,3.29,0.23,9.62,53.37,11.14,1.46,41.76,34.06,22.64,40.03,11.00,8.71,0.78,6.40,85.12,0.08,11.15,,0.33,1.57,19.81,73.31,59.53,2.65,0.00,0.00,0.00,1.48,6.44,10.18,13.86,68.03,334.95,,,1.81,1.82,1.83,1.71,1.82,1.83,0.71,0.71,0.73,0.68,0.68,0.67,0.66,0.68,0.67,0.37,0.39,0.37
C009,2020000287,SC_C_Lubeck_Frisch2019,Soilcom,Germany,com,n,2019,EBL Biomassewerk Lbeck,digestate,fvg,n,0.10,0.010,8.36,1208,< 20.5905874659329,657.6633637,0.015654352,43.1,21.81,50.6,49.4,479.9,20,0,11.4,5.4,1.18,31,25.5,14.18,1.73,28.60,0.22,28.40,16.50,0.38,15.60,32.55,24.40,7.30,119.90,217.30,1.03,2.71,7.97,2.65,23.36,1.73,6.67,3.45,0.20,10.80,48.81,17.21,5.95,29.01,53.96,53.90,67.08,9.69,17.25,1.08,8.91,167.96,0.06,15.51,,0.29,1.62,2.21,92.19,11.45,1.08,0.00,0.00,0.00,3.52,13.71,22.19,22.48,38.10,230.45,,,3.02,2.92,2.92,2.79,2.92,2.92,1.27,1.22,1.22,0.70,0.70,0.74,0.68,0.70,0.74,0.45,0.48,0.53
C010,2020001183,SC_C_PCS_VerkoGreencompost2019,Soilcom,Belgium,com,n,2020,Verko,fvg,fvg,n,1.15,0.060,9.17,1982,30.68856037,1239.287419,0.024763069,38.88,23.13,59.5,40.5,443.6,5,0,10.2,7.1,1.25,31.1,24,13.83,2.06,27.10,0.35,26.80,13.00,0.62,13.10,40.33,34.90,6.10,140.00,194.80,2.05,3.85,15.46,4.06,26.57,2.36,6.99,3.45,0.11,13.99,54.95,37.35,10.08,40.21,76.27,24.45,50.93,11.56,4.57,0.33,2.64,89.22,0.03,30.28,,0.17,2.14,3.74,72.40,50.73,1.77,,,,,,,,,,,,,,,,,,,,,,,,,,,,,
C011,2020001184,SC_C_PCS_Zwarte Specht2019,Soilcom,Belgium,com,n,2020,Acterra,manure,manure,n,0.05,0.000,8.58,488,45.23147206,< 25.1285955879212,3.6,54.32,22.00,40.5,59.5,491.3,2.7,0,23.4,14.6,1.89,58.1,43.5,20.15,0.87,35.80,0.12,35.70,41.00,0.86,20.60,25.85,5.70,17.40,91.70,338.70,2.08,2.07,10.93,7.44,25.42,6.32,18.21,11.89,0.12,8.93,38.80,13.63,2.74,25.82,38.40,64.99,85.61,13.10,31.88,25.51,24.09,252.02,0.12,7.57,,0.30,1.54,29.00,77.45,1.14,2.51,,,,,,,,,,,,,,,,,,,,,,,,,,,,,
C012,2020006405,SC_C_PCA_IMOG2019,Soilcom,Belgium,com,n,2020,IMOG,green,green,n,0.54,0.010,8.88,1029,30.74529315,49.42597759,0.622047244,42.2,22.07,52.3,47.7,491.3,3.5,0,9.9,9.2,1.30,33.8,24.7,14.72,1.53,24.90,0.54,24.30,15.90,0.62,12.50,32.13,24.30,7.60,126.10,269.20,4.07,2.15,9.58,5.89,39.62,0.97,7.36,3.48,0.18,12.99,71.24,22.24,3.55,43.93,66.27,48.18,70.34,15.75,14.58,3.73,4.10,148.31,0.03,32.46,,0.51,1.12,94.17,40.04,0.90,2.50,0.00,0.00,0.00,3.27,11.87,20.09,23.98,40.79,261.58,,,2.76,2.83,2.70,2.60,2.83,2.70,1.19,1.19,1.13,0.78,0.79,0.82,0.76,0.79,0.82,0.53,0.49,0.53
C013,2020006406,SC_C_PSKW_IVAREM2020,Soilcom,Belgium,com,n,2020,Ivarem,green,green,n,0.41,0.080,8.81,1137,43.60183451,< 16.1488275951166,5.4,38.2,21.58,56.5,43.5,548,1.2,0,7.7,4.7,0.82,27.5,22.8,15.12,1.77,24.70,0.20,24.50,13.80,0.79,12.00,34.30,35.10,5.00,134.60,193.30,4.06,2.43,13.44,3.93,22.89,0.51,8.13,2.98,0.09,12.50,50.74,27.14,2.09,40.95,51.61,26.78,51.20,11.41,6.65,7.70,0.20,100.17,0.00,423.15,,0.42,1.47,94.55,45.43,1.65,2.77,0.00,0.00,0.00,1.39,8.39,11.85,16.56,61.82,390.23,,,1.70,1.69,1.78,1.61,1.69,1.78,0.67,0.67,0.69,0.71,0.69,0.69,0.68,0.69,0.69,0.37,0.38,0.39
C014,2020006407,SC_C_PSKW_Ecowerf,Soilcom,Belgium,com,n,2020,Ecowerf,fvg,fvg,n,0.32,0.140,9.03,2460,21.28495044,1538.02116,0.013839179,48.5,28.37,58.5,41.5,465.8,8.3,0,11.2,5.6,1.27,30.1,24.5,13.26,1.97,27.30,0.75,26.50,13.50,0.47,15.40,32.47,22.80,6.20,122.90,293.20,4.07,3.86,14.00,7.11,44.58,3.28,8.37,3.37,0.16,14.16,55.62,28.22,13.40,33.66,77.90,25.12,40.56,7.61,1.31,0.21,1.74,75.83,0.03,38.50,,0.15,2.48,18.72,80.17,17.86,2.68,0.00,0.12,0.00,1.98,7.17,12.44,17.22,61.05,357.63,,,2.06,2.05,2.05,1.95,2.05,2.05,0.87,0.86,0.87,0.68,0.68,0.70,0.65,0.68,0.70,0.39,0.40,0.40
C015,2020008846,SC_C_PSKW_LOCOfarm2020,Soilcom,Belgium,farm,n,2020,PSKW LOKO,manure,manure,n,0.00,0.000,8.13,1910,1134.704164,60.06218202,18.89215686,49.4,23.71,48,52,353.8,2.4,4,9.4,9.1,1.15,34.5,25.5,16.1,1.90,26.10,0.10,26.00,13.70,1.16,13.70,17.87,12.70,5.80,145.60,496.60,3.06,3.44,20.62,3.10,14.52,2.35,5.44,1.92,0.37,17.77,45.36,44.75,8.56,61.27,55.54,257.27,306.07,83.13,52.89,68.71,0.61,748.33,0.00,1010.21,,0.18,1.99,4.99,73.56,0.00,1.09,0.00,0.00,0.00,4.98,10.86,15.42,19.64,49.10,194.32,,,3.86,3.73,4.11,3.51,3.73,4.11,1.65,1.59,1.66,0.83,0.83,0.78,0.81,0.83,0.78,0.57,0.53,0.55
C016,2020009113,SC_C_ILVO_PHAE1_2020,Soilcom,Belgium,farm,n,2020,PHAE ILVO local composting network,manure,manure,n,,,7.85,2570,,,22.69230769,44.7,22.53,50.4,49.6,,2.7,0,7.6,8.8,1.11,31.2,22.4,14.81,2.13,,,,,,,,,,,377.90,,4.01,23.45,4.18,21.80,3.39,4.71,2.59,,,,,,,,,,,,,,,,,,,,,,,,,,,,,,,,,,,,,,,,,,,,,,,,,,,,
C017,2020009114,SC_C_ILVO_PHAE2_2020,Soilcom,Belgium,farm,n,2020,PHAE ILVO local composting network,manure,manure,n,,,8.39,2460,,,11.04494382,53,27.24,51.4,48.6,,4.4,4,9.8,9.8,1.32,34.5,24.7,14.85,2.67,,,,,,,,,,,412.30,,4.79,29.11,4.57,21.11,3.86,3.72,2.23,,,,,,,,,,,,,,,,,,,,,,,,,,,,,,,,,,,,,,,,,,,,,,,,,,,,
C018,2020011455,SC_C_ILVO_Bopact2020,Soilcom,Belgium,farm,n,2020,ILVO farm composting,farm_plant,green,n,0.40,0.000,8.2,2333,464.088826,254.3284276,1.824761905,53.8,26.04,48.4,51.6,426.5,2.1,2,13.2,8.7,1.22,39.8,31.1,17.89,2.06,32.20,0.13,32.10,15.60,0.44,8.10,13.85,10.93,4.13,108.18,309.75,2.85,3.45,29.01,4.27,15.23,1.19,4.97,2.37,0.21,16.71,37.62,57.36,3.93,60.08,55.75,143.55,230.17,44.87,27.52,14.52,23.36,478.14,0.06,17.18,1796.00,0.31,1.57,41.51,66.42,4.80,2.77,0.00,3.24,0.00,6.70,16.04,15.84,14.08,44.10,225.13,,,3.03,3.19,3.20,2.86,3.19,3.20,1.55,1.61,1.60,0.68,0.79,0.82,0.67,0.79,0.82,0.55,0.58,0.56
C019,2021002169,SC_C_ILVO_Molenstede1,Soilcom,Belgium,farm,n,2021,Molenstede ILVO local composting network,manure,manure,n,,,9.15,1604,,,,45.7,12.98,28.4,71.6,,9.3,4,7.4,8.1,1.47,26.1,18,10.54,1.97,23.10,0.25,22.85,11.30,,,,,,,,,6.77,24.47,5.14,14.53,1.78,18.27,1.91,0.11,15.49,33.36,52.77,6.29,50.85,57.17,194.39,290.79,43.98,103.58,31.62,15.59,671.16,0.03,37.77,,,,,,,,,,,,,,,,,,,,,,,,,,,,,,,,,,,,
C020,2021002170,SC_C_ILVO_Molenstede2_15m,Soilcom,Belgium,farm,n,2021,Molenstede ILVO local composting network,farm_plant,green,n,,,7.99,808,,,,38.7,11.49,29.7,70.3,,4.4,54,6.9,7.1,1.37,24.3,17.1,10.23,1.90,22.20,0.06,22.14,11.40,,,,,,,,,4.03,11.76,3.10,11.06,1.79,13.45,1.82,0.21,13.79,30.45,21.22,5.69,43.44,27.92,191.71,276.16,46.59,101.45,33.06,41.53,687.03,0.07,13.71,,,,,,,,,,,,,,,,,,,,,,,,,,,,,,,,,,,,
C021,2021002171,SC_C_ILVO_Molenstede2_15m,Soilcom,Belgium,farm,n,2021,Molenstede ILVO local composting network,manure,manure,n,,,8.69,901,,,,46.7,14.48,31,69,,4.7,6,6.1,6.8,1.05,25.3,18.5,12.32,2.66,24.80,0.13,24.67,9.10,,,,,,,,,5.42,17.91,4.77,13.34,1.36,16.65,1.78,0.14,16.61,33.34,37.82,5.02,60.20,32.73,150.59,284.72,56.45,93.25,41.47,22.71,643.61,0.04,23.27,,,,,,,,,,,,,,,,,,,,,,,,,,,,,,,,,,,,
C022,2021002172,SC_C_ILVO_Molenstede3,Soilcom,Belgium,farm,n,2021,Molenstede ILVO local composting network,farm_plant,green,n,,,7.7,127,,,,24.5,9.43,38.5,61.5,,5.7,14,8.3,5.7,1.81,21.6,16,7.75,0.94,23.20,0.02,23.18,24.30,,,,,,,,,2.30,3.43,1.20,7.12,0.31,29.81,3.45,0.09,5.19,27.60,5.41,1.09,40.62,-1.24,91.59,115.17,15.67,38.67,30.67,31.88,340.35,0.11,7.70,,,,,,,,,,,,,,,,,,,,,,,,,,,,,,,,,,,,
C023,2021003479,SC_C_HortiA_Klinth_2021,Soilcom,Denmark,com,n,2021,Klintholm,green,green,n,4.57,0.230,8.42,673,214.1250666,< 12.5660250370509,34.08,21.7,13.30,61.3,38.7,649.1,1.9,0,4.8,3,1.21,14.3,11.3,6.44,0.86,13.20,0.24,12.90,15.00,0.27,9.00,17.66,12.60,7.10,75.60,296.80,3.03,1.56,4.37,1.88,18.05,0.34,8.66,4.26,0.18,5.25,41.67,8.02,1.04,27.36,28.80,44.39,75.98,16.56,21.76,14.96,8.98,176.07,0.06,15.83,,0.42,1.23,98.72,50.32,22.10,2.75,0.00,2.30,0.00,5.27,8.34,9.15,13.50,61.45,399.86,,,1.46,1.34,1.43,1.29,1.34,1.43,0.64,0.59,0.65,0.68,0.73,0.68,0.65,0.73,0.68,0.35,0.40,0.37
C024,2021003480,SC_C_PCA_Renewi_2021,Soilcom,Belgium,com,n,2021,Renewi,green,green,n,0.85,0.031,8.75,1164,164.0675014,225.9949407,0.725978648,29.4,21.14,71.9,28.1,518.8,2.5,2,6,3.4,0.85,20.4,17.1,11.03,1.72,21.50,0.27,21.20,12.30,0.30,11.30,26.90,32.20,5.80,120.90,177.70,3.04,2.17,8.05,3.45,21.53,0.59,5.83,3.16,0.09,10.83,46.77,17.94,2.15,41.34,36.44,64.49,120.70,31.56,16.89,2.69,8.21,222.55,0.04,24.61,,0.49,1.19,50.88,66.19,0.00,2.77,0.00,0.00,0.00,1.09,3.73,6.63,10.66,77.88,360.12,,,1.56,1.52,1.57,1.42,1.52,1.57,0.63,0.62,0.65,0.69,0.69,0.70,0.67,0.69,0.70,0.34,0.35,0.35
C025,2021003481,SC_C_Delphy_2021,Soilcom,The Netherlands,com,n,2021,Van Iersel  ,green,green,n,0.55,0.016,8.52,528,20.31021345,< 13.1884502937859,3.08,26.7,16.98,63.6,36.4,596.1,2.4,0,4.7,3.1,0.96,16,12.9,8.15,1.06,16.80,0.08,16.70,15.80,0.38,12.30,18.63,23.80,6.30,95.80,223.80,3.03,1.14,3.61,1.46,10.36,0.32,5.97,3.05,0.15,6.06,34.61,7.65,1.07,33.20,16.34,49.91,55.20,10.34,24.40,10.26,12.86,162.82,0.09,10.07,,0.37,1.35,53.40,64.78,0.00,2.52,,,,,,,,,,,,,,,,,,,,,,,,,,,,,
C026,2021002294,SC_C_AU_Klintholm,Soilcom,Denmark,com,n,2020,Klintholm,green,green,n,,,8.09,1005,,,11.40789474,21.6,14.19,65.7,34.3,,,,5,3.2,1.11,15.5,12.3,7.38,1.35,17.30,0.38,17.00,12.60,0.29,9.20,20.44,13.50,6.70,91.10,321.40,,1.80,6.11,2.06,24.11,0.41,9.12,4.08,,,,,,,,,,,,,,,,,,,,,,,,,,,,,,,,,,,,,,,,,,,,,,,,,,,,
C027,2021002295,SC_C_AU_VanIersel,Soilcom,The Netherlands,com,n,2020,Van Iersel  ,green,green,n,,,8.02,517,,,0.885057471,23.9,14.82,62,38,,,,5,3.1,1.08,15.6,12.5,7.53,0.83,13.40,0.08,13.30,16.00,0.31,9.30,17.36,19.70,4.20,95.10,205.40,,1.05,2.86,1.41,9.52,0.28,4.51,2.58,,,,,,,,,,,,,,,,,,,,,,,,,,,,,,,,,,,,,,,,,,,,,,,,,,,,
C028,2021002296,SC_C_AU_IVAREM,Soilcom,Belgium,com,n,2020,Ivarem,green,green,n,,,7.92,1561,,,7.95,34.9,22.20,63.6,36.4,,,,5.7,3.5,0.88,19.7,16.3,10.51,1.61,20.50,0.29,20.30,12.60,0.72,11.70,33.08,37.10,5.80,153.10,200.90,,2.38,12.53,3.89,22.29,0.67,12.08,2.92,,,,,,,,,,,,,,,,,,,,,,,,,,,,,,,,,,,,,,,,,,,,,,,,,,,,
C029,2021002297,SC_C_AU_Btzberg,Soilcom,Germany,com,n,2020,Stadtreinigung Hamburg Btzberg,digestate,fvg,n,,,7.95,1424,,,0.354482759,22.5,16.29,72.4,27.6,,,,4.1,3.2,1.26,13.1,9.9,5.8,1.08,13.90,0.16,13.70,12.70,0.36,13.10,41.27,30.50,5.40,138.00,221.50,,2.05,6.54,1.85,13.97,1.37,6.54,3.28,,,,,,,,,,,,,,,,,,,,,,,,,,,,,,,,,,,,,,,,,,,,,,,,,,,,
C030,2021002298,SC_C_AU_Aarstiderne,Soilcom,Denmark,farm,n,2020,Aarstiderne,farm_plant,green,n,,,7.91,1158,,,6.237354086,19.1,13.08,68.5,31.5,,,,5.8,5.5,2.46,16,10.4,4.6,0.96,10.80,0.02,10.80,11.20,0.24,7.70,9.00,8.10,3.80,43.50,216.90,,1.92,7.60,1.61,5.94,0.30,7.19,4.94,,,,,,,,,,,,,,,,,,,,,,,,,,,,,,,,,,,,,,,,,,,,,,,,,,,,
C031,2021005450,SC_C_PCS_Orgapower_2021,Soilcom,The Netherlands,com,n,2021,van Berkel Veldhoven,green,green,n,,,7.7,730,,,3.56,22.8,18.81,82.5,17.5,,,,4.5,3.3,0.91,16.4,13.1,8.6,1.05,,,,,0.40,10.20,18.12,19.30,5.10,92.30,235.30,,1.20,3.51,1.56,10.35,0.36,4.83,3.23,,,,,,,,,,,,,,,,,,,,,,,,,,,,,,,,,,,,,,,,,,,,,,,,,,,,
C032,2021005451,SC_C_PCS_Klintholm_2021,Soilcom,Germany,com,n,2021,Klintholm,green,green,n,,,8.07,574,,,30.4,20.8,13.00,62.5,37.5,,,,4.2,3.6,1.11,14.8,11.3,7,1.30,,,,,0.41,9.50,19.48,13.10,7.50,72.50,325.50,,1.48,4.01,1.93,18.89,0.30,9.91,4.55,,,,,,,,,,,,,,,,,,,,,,,,,,,,,,,,,,,,,,,,,,,,,,,,,,,,
C033,2021005452,SC_C_PCS_Zwarte Specht_2021,Soilcom,Belgium,com,n,2021,Acterra,manure,manure,n,,,8.81,1097,,,2.22754491,71.2,23.42,32.9,67.1,,,,28.6,11.2,2.14,58.5,47.3,18.6,1.13,,,,,0.42,4.80,15.76,5.80,4.00,72.10,192.60,,2.83,14.41,2.59,11.61,2.44,2.67,1.77,,,,,,,,,,,,,,,,,,,,,,,,,,,,,,,,,,,,,,,,,,,,,,,,,,,,
C034,2021005453,SC_C_PCS_IVAREM_2021,Soilcom,Belgium,com,n,2021,Ivarem,green,green,n,,,8.3,1229,,,17.84,35,20.55,58.7,41.3,,,,7.1,3.9,0.72,26.4,22.4,15.3,1.49,,,,,0.59,11.40,29.80,43.20,5.40,166.20,196.50,,2.27,9.96,3.48,17.18,0.48,7.09,3.16,,,,,,,,,,,,,,,,,,,,,,,,,,,,,,,,,,,,,,,,,,,,,,,,,,,,
C035,2021005454,SC_C_PCS_Btzberg_2021,Soilcom,Germany,com,n,2021,Stadtreinigung Hamburg Btzberg,digestate,fvg,n,,,8.59,1086,,,4.92,40.3,21.12,52.4,47.6,,,,7.4,6.7,0.93,29.1,22.5,15.1,2.02,,,,,0.38,8.90,40.95,23.00,5.50,130.00,290.90,,2.46,9.46,2.36,24.91,1.74,5.04,2.67,,,,,,,,,,,,,,,,,,,,,,,,,,,,,,,,,,,,,,,,,,,,,,,,,,,,
C036,,KW_20_577,Advice_ILVO,Belgium,farm,y,2020,Bart Geeraerts,beam,manure,n,,,8.51,1286,,,102.36,57.3,16.33,28.5,71.5,,2.3,,,,,,,,1.99,,,,,,,,,,,,,4.14,19.30,6.45,44.45,0.58,4.45,1.77,0.07,24.58,89.58,36.83,1.66,95.55,57.17,186.89,169.06,19.40,88.73,76.24,40.69,621.93,0.08,10.93,,,,,,,,,,,,,,,,,,,,,,,,,,,,,,,,,,,,
C037,,KW_20_578,Advice_ILVO,Belgium,farm,y,2020,Bart Geeraerts,beam,manure,n,,,8.61,1241,,,101,55.9,14.53,26,74,,2.2,,,,,,,,2.13,,,,,,,,,,,,,4.56,23.16,6.49,46.97,0.53,3.98,1.60,0.07,24.60,90.26,45.16,1.58,94.21,67.46,236.05,141.30,38.73,96.25,106.27,30.30,694.52,0.06,15.63,,,,,,,,,,,,,,,,,,,,,,,,,,,,,,,,,,,,
C038,,KW_20_579,Advice_ILVO,Belgium,farm,n,2020,Brecht Goussey,manure,manure,n,,,7.53,885,,,2.395427034,40.8,14.97,36.7,63.3,,3.1,,,,,,,,1.93,,,,,,,,,,,,,3.19,3.51,9.55,52.47,0.22,8.42,3.02,0.20,15.13,84.61,6.11,0.38,67.93,38.50,155.75,211.50,33.02,63.47,37.90,18.02,535.32,0.04,23.90,,,,,,,,,,,,,,,,,,,,,,,,,,,,,,,,,,,,
C039,,KW_20_580,Advice_ILVO,Belgium,farm,n,2020,Johan Wouters Natuurpunt,farm_plant,green,n,,,6.44,1335,,,135,29,11.02,38,62,,1,,,,,,,,1.45,,,,,,,,,,,,,1.96,9.85,3.52,8.69,1.04,22.10,4.54,0.34,12.16,28.19,17.81,3.52,52.97,9.05,141.97,184.32,30.28,32.10,33.60,20.51,448.96,0.05,17.47,,,,,,,,,,,,,,,,,,,,,,,,,,,,,,,,,,,,
C040,,KW_20_581,Advice_ILVO,Belgium,farm,y,2020,Bart Verellen,farm_plant,green,n,,,7.12,85,,,1,84.4,19.83,23.5,76.5,,2.7,,,,,,,,0.75,,,,,,,,,,,,,0.70,1.78,0.99,8.93,0.13,2.14,1.29,0.31,6.37,32.61,3.39,0.01,41.46,1.23,140.25,139.96,17.37,90.48,95.82,111.81,633.85,0.23,3.32,,,,,,,,,,,,,,,,,,,,,,,,,,,,,,,,,,,,
C041,2021001117,MDB_21_10/12,Advice_ILVO,Belgium,farm,n,2021,Lieven Vanassche,manure,manure,n,,,8.47,1253,68.58156185,< 40.8223582423199,3.36,62.3,18.13,29.1,70.9,420.9,13,0,,,,,,,2.45,34.90,0.12,34.80,14.20,0.55,9.00,19.69,7.30,6.00,115.70,364.70,,3.50,22.88,3.66,13.35,2.61,3.71,2.52,0.24,16.70,33.35,50.48,9.44,59.23,50.98,347.08,581.91,101.95,137.68,167.78,71.77,1417.15,0.06,14.86,,,,,,,,,,,,,,,,,,,,,,,,,,,,,,,,,,,,
C042,2021001118,MDB_21_11/13,Advice_ILVO,Belgium,farm,n,2021,Lieven Vanassche,farm_plant,green,n,,,7.21,818,296.924152,< 59.6233236902545,9.96,62.3,14.27,22.9,77.1,366.2,8,0,,,,,,,2.36,34.10,0.05,34.00,14.40,0.37,8.90,11.20,6.30,5.80,78.90,466.30,,2.37,11.28,3.03,10.62,2.66,3.95,3.10,0.45,15.71,32.38,24.43,9.47,47.11,35.33,292.04,423.30,69.20,110.98,127.54,70.96,1118.59,0.08,11.64,,,,,,,,,,,,,,,,,,,,,,,,,,,,,,,,,,,,
C043,2021007713,SC_C_ILVO_PHAE1_2021,Soilcom,Belgium,farm,n,2021,PHAE ILVO local composting network,manure,manure,n,,,8.89,1912,,,12.04,40,19.80,49.5,50.5,,2.4,0,11.4,6.9,1.99,27.4,20.5,9.2,1.52,23.00,0.25,22.80,14.90,,,,,,,,,3.60,19.73,3.62,17.70,2.03,4.67,3.17,,,,,,43.93,,,,,,,,,,,,,,,,,,,,,,,,,,,,,,,,,,,,,,,,,,,,,,
C044,2021007714,SC_C_ILVO_PHAE2_2021,Soilcom,Belgium,farm,n,2021,PHAE ILVO local composting network,manure,manure,n,,,8.67,2370,,,28.24,29.1,15.54,53.4,46.6,,6.7,0,9.5,5.6,2.19,22,16.4,6.9,1.61,21.00,0.26,20.70,12.90,,,,,,,,,3.88,18.05,3.52,19.82,1.91,5.66,3.62,,,,,,39.18,,,,,,,,,,,,,,,,,,,,,,,,,,,,,,,,,,,,,,,,,,,,,,
C045,,MDB_22_01/02,Advice_ILVO,Belgium,farm,n,2022,Lieven Vanassche,manure,manure,n,,,8.83,1367,57.06459712,< 26.2678304221331,4.344827586,72.6,18.30,25.2,74.8,438.1,5.7,0,,,,,,,2.71,38.30,0.18,38.30,14.10,0.56,4.60,13.39,4.40,< 2.6,109.70,301.20,,4.25,25.93,3.43,11.86,3.36,3.10,1.68,0.16,15.25,30.25,52.87,12.11,48.05,62.59,365.77,526.31,84.09,167.31,106.26,82.64,1348.10,0.07,12.82,,,,,,,,,,,,,,,,,,,,,,,,,,,,,,,,,,,,
C046,2022005074,SC_C_PCA Greencompost,Soilcom,Belgium,com,n,2022,Renewi,green,green,n,,,8.05,1522,588.958312,10.89654601,54.05,29,17.72,61.1,38.9,600.8,4.3,,4.6,3.1,0.73,18.1,15,10.5,1.63,19.90,0.33,19.60,12.00,0.58,10.40,26.09,28.00,5.00,129.30,242.10,3.67,2.51,9.30,3.86,21.16,0.55,5.53,2.91,,,,,,,,,,,,,,,,,,,,,,,,,,,,,,,,,,,,,,,,,,,,,,,,,,,,
C047,2022005075,SC_C_PCA Farmcompost,Soilcom,Belgium,farm,n,2022,PCG,farm_plant,green,n,,,8.73,1293,792.6964322,< 13.0023736057196,121.9310345,35.8,14.36,40.1,59.9,556.2,3.2,,9.6,6.7,1.55,26.8,20.1,10.5,1.29,19.90,< 0.18,19.90,15.40,0.44,8.20,17.68,13.10,3.80,76.30,196.10,3.42,2.92,11.19,2.76,13.45,0.56,4.42,2.98,,,,,,,,,,,,,,,,,,,,,,,,,,,,,,,,,,,,,,,,,,,,,,,,,,,,
C048,,BEAM compost test T5.5,Soilcom,Belgium,farm,y,2022,Elena Leclercq,beam,manure,n,,,6.27,382,,,99.44827586,35.4,12.00,33.9,66.1,,2.2,,,,,,,,1.30,,,,,,,,,,,,,2.07,9.36,3.87,9.41,0.47,19.03,6.84,,,,,,54.35,,57.39,61.84,6.16,30.93,21.77,21.22,209.70,0.12,7.08,,,,,,,,,,,,,,,,,,,,,,,,,,,,,,,,,,,,
C049,,MDB_22_13/14,Advice_ILVO,Belgium,farm,y,2022,Bart Verellen,beam,manure,n,,,8.07,269,,,1,79.5,19.00,23.9,76.1,,4.3,,,,,,,,1.22,,,,,,,,,,,,,1.68,4.15,1.82,14.06,0.16,4.17,2.24,,,,,,45.77,,303.03,268.91,25.13,220.37,185.32,296.42,1409.19,0.27,2.67,,,,,,,,,,,,,,,,,,,,,,,,,,,,,,,,,,,,
C050,2022006890,SC_C_VanIersel2022,Soilcom,The Netherlands,com,n,2022,Van Iersel,green,green,n,0.34,0.000,7.82,482,< 16.346332151038,9.111070379,0.897058824,23.5,15.37,65.4,34.6,570.6,7.5,0,6.4,4,1.09,19.9,15.8,9.5,0.89,13.50,< 0.18,13.50,15.20,0.42,10.20,18.51,17.70,5.70,90.90,222.40,2.62,1.19,3.57,1.67,10.17,0.32,5.11,3.05,0.25,5.85,31.04,7.57,1.42,30.59,15.54,111.14,178.53,8.11,19.44,3.24,34.91,367.52,0.10,8.85,1920.00,0.15,2.26,34.55,62.47,15.76,2.75,0.00,0.00,0.00,0.07,3.76,7.02,11.60,77.55,365.66,363.49,367.67,1.90,1.83,1.89,1.68,1.66,1.70,0.73,0.70,0.73,0.78,0.76,0.76,0.72,0.70,0.71,0.38,0.38,0.37
C051,2022006891,SC_C_Orgapower2022,Soilcom,The Netherlands,com,n,2022,Orgapower van Berkel Uden,green,green,n,0.59,0.000,8.11,1061,290.3421262,< 6.53213472415246,88.89655172,19.5,12.77,65.5,34.5,677.8,1.8,0,4.3,3.4,1.04,15.1,11.7,7.4,0.91,10.90,< 0.18,10.90,11.90,0.43,8.00,19.24,16.50,6.10,103.10,253.90,3.27,1.68,5.81,1.72,10.82,0.47,5.52,2.79,0.17,7.40,33.48,12.79,1.87,29.86,25.85,85.43,83.61,4.31,24.54,10.65,23.81,241.49,0.11,8.13,2744.00,0.11,2.59,25.82,57.19,12.92,2.54,0.00,0.00,0.00,0.00,3.07,12.16,17.68,67.09,492.49,476.83,483.42,1.37,1.37,1.34,1.27,1.28,1.26,0.57,0.56,0.56,0.74,0.76,0.71,0.69,0.69,0.65,0.34,0.35,0.34
C052,2022007510,SC_C_Wagro2022,Soilcom,The Netherlands,com,n,2022,Wagro Waddinxveen,green,green,n,0.43,0.022,8.21,524,16.31934283,21.51186101,0.75862069,13.6,10.49,77.1,22.9,699.4,2.7,0,4.1,4.1,1.86,12.6,8.6,4.4,0.58,10.00,0.25,9.80,16.90,0.28,17.20,18.41,26.70,10.00,83.50,302.50,4.78,0.95,3.04,2.75,17.90,0.38,8.69,5.05,0.25,3.94,43.12,4.91,1.26,21.59,31.89,93.85,67.46,5.67,31.55,2.02,22.31,227.03,0.10,8.64,388.00,0.09,2.71,17.70,70.57,45.45,2.35,0.00,0.00,0.00,0.37,3.46,7.05,11.10,78.02,568.52,547.54,546.37,1.06,1.10,1.08,0.95,0.97,0.94,0.40,0.40,0.40,0.69,0.69,0.68,0.60,0.61,0.62,0.29,0.29,0.29
C053,2022006375-2022006378,SC_C_Bopact2022a,Soilcom,Belgium,farm,n,2022,ILVO farm composting,farm_plant,green,n,,,8.495,2940,212.7420161,< 12.4135180429147,34.27586207,33.325,13.80,41.425,58.575,563.95,5.3,,5.625,5.68,1.12,21.4,15.725,10.1,1.83,18.75,< 0.18,18.75,10.28,0.46,11.53,18.07,12.88,5.13,106.53,312.25,2.59,3.31,21.61,3.28,12.61,1.19,5.83,3.22,,,,,,,,,,,,,,,,,,,,,,,,,,,,,,,,,,,,,,,,,,,,,,,,,,,,
C054,2022009568,PHAE compost_2022_hoop1,Soilcom,Belgium,farm,n,2022,PHAE ILVO local composting network,manure,manure,n,0.36,0.000,8.87,2350,,,,60.7,26.59,43.8,56.2,312.5,3.7,0,12.7,9.5,1.35,38.6,29.1,16.5,2.56,34.20,< 0.18,34.20,13.40,0.57,5.20,29.90,11.80,4.60,210.40,210.10,,5.83,25.28,4.44,18.65,3.98,3.34,1.74,,,,,,67.12,,354.49,639.15,28.43,184.26,63.95,164.68,1513.59,0.12,7.15,,,,,,,,,,,,,,,,,,,,,,,,,,,,,,,,,,,,
C055,2022009569,PHAE compost_2022_hoop2,Soilcom,Belgium,farm,n,2022,PHAE ILVO local composting network,manure,manure,n,0.60,0.000,7.75,1347,,,,20.9,12.64,60.5,39.5,549.8,1.8,0,7.5,4.5,1.71,19,14.5,7,0.96,11.20,< 0.18,11.20,11.70,0.45,9.70,19.60,34.30,5.20,114.20,283.40,,2.62,8.03,2.28,12.36,0.87,5.73,4.11,,,,,,31.08,,108.10,174.41,8.20,52.14,12.45,32.75,407.13,0.09,10.22,,,,,,,,,,,,,,,,,,,,,,,,,,,,,,,,,,,,
C056,2022009774,SC_C_IMOG2022,Soilcom,Belgium,com,n,2022,IMOG,wood,green,n,0.55,0.006,7.72,530,24.29434141,20.98147667,1.157894737,52.4,43.96,83.9,16.1,323.8,3,0,15.2,7,1.36,38.5,31.5,16.3,1.34,28.40,< 0.18,28.40,21.20,0.81,14.50,43.76,25.80,7.50,164.70,250.20,3.24,2.06,6.81,3.24,22.25,0.45,6.82,4.10,0.23,9.87,48.61,14.11,1.64,51.75,22.71,94.05,87.67,3.28,33.99,1.89,30.96,284.76,0.13,6.97,836.00,0.08,2.77,14.01,77.17,68.81,2.30,,,,,,,,,,,,,,,,,,,,,,,,,,,,,
C057,2022010889,SC_C_IVAREM2022,Soilcom,Belgium,com,n,2022,Ivarem,green,green,n,1.60,0.002,8.78,712,< 23.204777597423,228.6241203,0.050748752,40.8,24.19,59.3,40.7,443.3,4.4,0,8.3,3.7,1.00,24,20.3,12,1.35,22.70,0.20,22.50,16.70,0.68,11.20,33.73,56.20,6.50,165.10,215.40,4.62,2.10,8.47,3.43,18.51,0.49,6.88,3.15,0.15,9.23,42.89,15.65,1.53,44.48,24.97,62.82,52.92,3.53,15.46,1.98,8.36,146.72,0.06,15.69,9.00,0.12,2.49,4.34,91.24,75.67,1.83,,,,,,,,,,,,,,,,,,,,,,,,,,,,,
C058,2022010890,SC_C_Zwartespecht2022,Soilcom,Belgium,com,n,2022,Acterra,wood,green,n,0.31,0.027,8.15,846,< 26.0957654700831,212.1885192,0.061491935,49.7,26.14,52.6,47.4,444.4,3.4,0,14.4,14.9,2.38,41.5,26.6,12.3,0.82,27.70,< 0.18,27.70,33.70,0.87,24.60,31.79,7.20,25.00,143.30,484.60,2.85,2.25,10.21,7.55,32.45,5.89,16.88,14.09,0.25,9.05,62.47,8.67,2.22,44.32,38.34,124.95,113.15,7.57,57.00,14.36,51.40,380.73,0.15,5.74,76.00,0.32,1.80,2.58,93.42,7.95,1.79,,,,,,,,,,,,,,,,,,,,,,,,,,,,,
C059,2022010295-8,SC_C_Bopact2022b,Soilcom,Belgium,farm,n,2022,ILVO farm composting,farm_plant,green,n,,,7.78,3730,1475.450052,59.8387792,24.65708812,59.375,25.59,43.1,56.9,506,,,,,,,,,2.30,33.40,< 0.18,33.40,14.49,0.50,5.80,13.86,8.03,3.30,98.98,253.83,,4.09,30.98,4.08,13.94,1.34,3.33,1.51,,,,,,,,,,,,,,,,,,,,,,,,,,,,,,,,,,,,,,,,,,,,,,,,,,,,
C060,2022011647,SC_C_Discovery2022,Soilcom,Scotland,com,n,2022,Discovery,fvg,fvg,n,4.32,0.018,7.68,1270,618.9339938,< 7.29934356248238,169.5862069,28.2,15.74,55.8,44.2,712,< 0.8,2,3.2,6.4,1.10,18.3,11.8,8.7,1.63,17.90,< 0.18,17.90,11.00,0.47,22.20,47.76,71.20,22.10,131.60,432.00,6.03,3.29,8.97,9.56,23.59,0.92,18.51,9.84,0.09,14.88,49.47,19.12,2.55,56.65,29.46,26.50,26.24,1.31,14.03,7.12,8.77,87.57,0.12,7.61,,0.15,2.19,50.70,53.69,0.28,2.76,0.00,3.85,0.00,7.20,17.28,23.79,21.21,26.67,375.94,,,1.73,1.67,1.62,1.63,1.67,1.62,0.90,0.88,0.84,0.72,0.75,0.72,0.71,0.75,0.72,0.42,0.43,0.41
C061,2022012660,SC_C_Lubeck_newfertig2022,Soilcom,Germany,com,n,2022,"EBL Biomassewerk, Lbeck",digestate,fvg,n,0.19,0.072,8,960,631.7110501,< 10.2059166866386,123.7931034,29.8,14.39,48.3,51.7,588.3,1.6,0,5.8,3.6,0.88,20,16.4,10.7,1.44,19.30,0.28,19.00,13.20,0.39,15.50,30.09,23.20,6.40,124.00,339.60,1.97,2.50,6.84,2.51,23.55,0.91,6.10,3.16,0.14,10.29,50.44,14.41,3.24,41.47,37.05,78.59,95.21,6.46,37.47,24.25,22.25,277.16,0.10,9.50,63.00,0.10,2.67,11.44,85.18,8.21,2.43,,,,,,,,,,,,,,,,,,,,,,,,,,,,,
C062,2022011693,SC_C_Btzberg2022,Soilcom,Germany,com,n,2022,EBL Biomassewerk Lbeck,digestate,fvg,n,0.61,0.013,8.13,1350,173.0258259,24.84945373,6.962962963,31.4,19.50,62.1,37.9,524.9,2.7,0,7.1,5.2,1.04,24,18.9,11.8,1.44,18.50,< 0.18,18.50,12.80,0.30,8.50,36.50,23.90,5.00,124.70,199.00,2.42,2.21,9.09,2.04,16.94,1.26,4.72,2.80,0.14,10.16,47.58,21.54,5.17,52.84,31.75,70.56,62.14,3.73,8.87,2.83,29.02,186.65,0.17,4.88,,0.20,1.99,42.32,43.24,0.71,2.47,0.00,0.00,0.00,0.34,5.48,12.23,19.12,62.83,303.91,309.54,310.28,2.43,2.54,2.45,2.12,2.26,2.20,0.91,0.94,0.93,0.79,0.81,0.83,0.71,0.70,0.75,0.45,0.45,0.47
C063,2022011241,SC_C_Sandtholdt2022,Soilcom,Denmark,com,n,2022,SandtholdtLyndelse,green,green,n,3.86,0.002,8.45,310,< 24.7692400147478,< 11.7755403348801,1,25.6,13.47,52.6,47.4,468.2,10,0,6.3,4.7,1.17,20.4,15.6,9.4,1.24,24.50,< 0.18,24.50,19.70,0.26,6.30,12.88,10.40,6.00,67.40,270.00,2.82,1.38,3.95,1.65,14.46,0.17,6.22,3.75,0.35,6.85,42.17,10.27,0.86,41.44,19.06,105.87,64.82,11.08,27.21,9.99,70.32,312.06,0.26,2.81,1020.00,0.17,2.11,3.32,89.60,54.86,1.80,0.00,0.00,0.00,6.51,11.18,19.58,21.90,40.83,237.45,244.40,255.31,3.03,2.91,3.00,2.46,2.48,2.39,0.90,0.87,0.82,0.80,0.80,0.76,0.74,0.73,0.69,0.43,0.42,0.43
C064,2022011242,SC_C_Klintholm2022,Soilcom,Denmark,com,n,2022,Klintholm,green,green,n,3.97,0.001,7.62,1290,653.9075705,< 6.77019619561665,193.1724138,17.8,11.02,61.9,38.1,692,2.7,0,3.6,3.3,1.19,12.7,9.4,5.8,1.02,10.40,0.26,10.10,9.90,0.28,9.50,22.78,12.80,8.90,77.40,272.90,3.10,1.58,5.33,2.41,16.41,0.52,8.25,4.20,0.19,7.27,46.97,14.46,2.55,35.57,35.87,31.26,29.01,2.48,13.15,2.75,8.66,89.45,0.11,8.48,0.00,0.10,2.63,12.25,81.39,12.16,2.33,0.00,0.26,0.00,4.36,13.47,18.75,22.12,41.04,453.99,459.85,460.78,1.25,1.39,1.52,1.12,1.19,1.28,0.56,0.61,0.68,0.73,0.77,0.70,0.64,0.69,0.63,0.37,0.39,0.37
C065,2019000409,B@W-WP2-06_C,BaW_Vlaco,Belgium,com,n,2019,,green,green,n,,,8.84,851,18.89736571,< 14.9979092914448,2.52,25.5,17.90,70.2,29.8,474.9,6.4,,8.8,3.3,1.55,19.8,16.6,7.81,1.76,22.75,0.24,22.51,12.96,0.26,10.40,24.07,61.30,5.00,193.80,192.20,,1.93,6.96,3.04,19.32,0.37,7.63,3.89,,,,,,,,112.52,158.34,35.90,46.02,18.31,22.36,389.29,0.07,14.17,,,,,,,,,,,,,,,,,,,,,,,,,,,,,,,,,,,,
C066,2019000410,B@W-WP2-07_C,BaW_Vlaco,Belgium,com,n,2019,,green,green,n,,,8.88,1702,< 15.7160351335109,568.2918304,0.013827434,36.1,28.59,79.2,20.8,401.7,7.2,,8.9,3.9,1.16,23.8,19.9,11,1.97,19.53,0.46,19.07,9.91,0.08,10.30,25.92,26.10,5.50,115.30,188.10,,2.90,13.08,4.15,28.89,0.86,6.54,3.96,,,,,,,,74.79,143.66,40.24,10.80,0.51,28.13,291.36,0.11,8.15,,,,,,,,,,,,,,,,,,,,,,,,,,,,,,,,,,,,
C067,2019000411,B@W-WP2-08_C,BaW_Vlaco,Belgium,com,n,2019,,green,green,n,,,8.48,1156,< 23.0204274064634,64.45719674,0.178571429,43.3,26.15,60.4,39.6,359.6,11.7,,12.1,4.2,1.30,28.9,24.7,12.57,1.62,25.74,< 0.08,25.74,15.91,0.04,12.20,23.40,27.40,6.60,123.00,203.00,,2.06,8.98,2.68,18.73,0.60,7.30,3.89,,,,,,,,121.08,219.37,62.51,54.89,7.52,80.29,530.28,0.17,4.92,,,,,,,,,,,,,,,,,,,,,,,,,,,,,,,,,,,,
C068,2019000415,B@W-WP2-12_C,BaW_Vlaco,Belgium,com,n,2019,,peat,green,n,,,6.89,1253,3968.748825,< 49.4856461934651,160.4,82.3,24.44,29.7,70.3,340.2,1.2,,28.1,10.7,1.22,70.4,59.8,31.73,1.95,46.68,< 0.08,46.68,23.97,0.16,4.20,107.47,3.00,4.10,95.70,273.20,,0.80,0.92,7.62,30.21,3.80,3.24,1.48,,,,,,,,63.69,86.02,9.41,35.65,22.30,13.66,243.17,0.07,13.57,,,,,,,,,,,,,,,,,,,,,,,,,,,,,,,,,,,,
C069,2019000417,B@W-WP2-14_C,BaW_Vlaco,Belgium,com,n,2019,,wood,green,n,,,7.54,361,< 18.780668832203,< 18.780668832203,1,37.2,19.94,53.6,46.4,496.7,2.8,,8.1,5.2,1.18,24.5,19.3,11.26,1.18,19.90,0.16,19.74,16.80,0.07,11.40,14.70,50.30,7.40,75.40,205.50,,1.13,3.06,1.88,19.11,0.42,10.63,5.70,,,,,,,,179.68,172.69,33.80,63.71,18.40,61.66,567.43,0.13,6.75,,,,,,,,,,,,,,,,,,,,,,,,,,,,,,,,,,,,
C070,2019000419,B@W-WP2-16_C,BaW_Vlaco,Belgium,com,n,2019,,green,green,n,,,7.87,1273,505.9739001,28.57572804,17.70642202,30.9,20.33,65.8,34.2,579.7,3.1,,5.4,2.8,0.71,19.8,17,11.58,2.18,24.21,0.44,23.77,11.11,0.32,9.40,31.01,28.20,3.90,156.80,167.20,,2.11,8.96,4.38,22.50,0.40,6.87,2.61,,,,,,,,61.92,72.18,17.56,24.50,3.75,17.06,190.36,0.10,9.30,,,,,,,,,,,,,,,,,,,,,,,,,,,,,,,,,,,,
C071,2019000420,B@W-WP2-17_C,BaW_Vlaco,Belgium,com,n,2019,,fvg,fvg,n,,,9.15,2550,< 14.4805647651947,1160.182849,0.006240639,36.1,25.78,71.4,28.6,483.6,8.1,,8.4,3.4,1.11,22.5,19,10.65,2.20,19.08,0.37,18.71,8.69,0.28,17.30,48.14,31.30,4.40,176.20,231.70,,4.29,11.35,4.46,29.72,2.75,6.02,3.41,,,,,,,,45.59,80.56,15.42,21.53,0.79,6.74,215.05,0.04,21.91,,,,,,,,,,,,,,,,,,,,,,,,,,,,,,,,,,,,
C072,2019000421,B@W-WP2-18_C,BaW_Vlaco,Belgium,com,n,2019,,green,green,n,,,7.48,804,< 21.9286127170165,36.84006936,0.297619048,48.1,28.19,58.6,41.4,389.1,16,,13.8,4.8,1.16,34.5,29.8,15.98,1.56,24.92,< 0.08,24.92,15.93,0.40,8.30,28.76,44.00,4.00,123.60,155.20,,1.93,7.77,2.67,18.80,0.44,5.20,2.53,,,,,,,,169.69,205.52,56.05,18.62,1.13,90.88,530.16,0.19,4.33,,,,,,,,,,,,,,,,,,,,,,,,,,,,,,,,,,,,
C073,2019000422,B@W-WP2-19_C,BaW_Vlaco,Belgium,com,n,2019,,digestate,fvg,n,,,8.5,3030,1228.269085,1906.95671,0.644099092,38.1,26.14,68.6,31.4,496.8,7.2,,7.1,5.4,1.13,23.6,18.2,11.1,2.35,22.74,0.50,22.24,9.70,0.56,16.60,37.32,55.10,9.80,166.50,152.00,,4.20,8.08,4.37,32.18,2.67,7.78,4.02,,,,,,,,169.60,244.30,63.29,48.94,2.99,63.50,581.64,0.12,7.29,,,,,,,,,,,,,,,,,,,,,,,,,,,,,,,,,,,,
C074,2019000423,B@W-WP2-20_C,BaW_Vlaco,Belgium,com,n,2019,,green,green,n,,,8.85,829,< 25.0720068035398,308.8871238,0.040584416,49.4,26.08,52.8,47.2,377.7,3.8,,13.1,5.8,1.00,37.8,32,18.95,2.26,27.36,0.35,27.01,12.09,0.21,10.80,21.55,18.60,5.30,105.90,298.10,,2.73,11.44,4.87,28.13,0.48,7.59,3.81,,,,,,,,77.88,258.09,67.52,10.23,1.35,13.42,381.06,0.04,25.80,,,,,,,,,,,,,,,,,,,,,,,,,,,,,,,,,,,,
C075,2019000449,B@W-WP2-21_C,BaW_Vlaco,Belgium,com,n,2019,,fvg,fvg,n,,,8.79,1464,145.9809368,732.7590601,0.199220924,46.1,26.51,57.5,42.5,426.5,5.8,,10.5,6.8,1.21,31.6,24.8,14.35,2.78,28.80,0.37,28.43,10.34,0.01,13.70,30.29,23.00,5.80,138.60,169.60,,4.25,10.37,3.53,31.05,1.68,7.62,3.81,,,,,,,,200.70,317.29,75.32,36.81,10.60,50.76,657.84,0.08,10.93,,,,,,,,,,,,,,,,,,,,,,,,,,,,,,,,,,,,
C076,2019000451,B@W-WP2-23_C,BaW_Vlaco,Belgium,com,n,2019,,green,green,n,,,8.01,1677,< 19.4280083493809,694.7455786,0.013982103,40.2,29.63,73.7,26.3,349.2,11.7,,8.1,3.9,0.95,24.6,20.7,12.62,2.29,24.21,0.39,23.82,10.57,0.05,9.00,26.03,23.10,5.00,116.70,197.40,,2.74,13.06,4.55,29.56,0.99,6.01,3.77,,,,,,,,79.10,162.78,43.34,7.80,0.54,24.28,293.53,0.09,10.28,,,,,,,,,,,,,,,,,,,,,,,,,,,,,,,,,,,,
C077,2020001444,B@W-WP2-56_C,BaW_Vlaco,Belgium,com,n,2020,,green,green,n,,,8.4,488,111.3019581,51.18515974,2.174496644,31.4,17.84,56.8,43.2,512.5,3.9,,5.8,2.7,0.71,20.4,17.7,11.93,1.11,14.50,0.26,14.24,13.20,,,,,,,,,1.58,5.17,3.68,19.00,0.33,5.42,2.44,,,,,,,,58.51,80.41,18.41,27.34,4.88,22.39,204.45,0.12,7.43,,,,,,,,,,,,,,,,,,,,,,,,,,,,,,,,,,,,
C078,2020003378,B@W-WP2-57_C,BaW_Vlaco,Belgium,com,n,2020,,peat,green,n,,,7.81,435,385.8713677,< 53.1503261304011,14.52,75.5,17.21,22.8,77.2,412.6,2.4,,29.4,13.7,2.01,64.5,50.8,21.43,1.22,40.10,0.15,39.95,33.00,0.31,9.60,25.04,11.80,3.00,128.50,228.30,,1.59,8.07,4.47,24.14,0.99,3.21,1.50,,,,,,,,106.96,92.48,11.03,62.88,21.25,23.43,334.87,0.08,11.20,,,,,,,,,,,,,,,,,,,,,,,,,,,,,,,,,,,,
C079,2020003379,B@W-WP2-58_C,BaW_Vlaco,Belgium,com,n,2020,,wood,green,n,,,9.15,422,< 22.6005350902688,< 22.6005350902688,1,49.8,22.76,45.7,54.3,484.1,1.6,,18.6,13.9,1.92,49.4,35.5,16.9,0.73,27.50,0.18,27.32,38.00,0.79,23.30,32.70,3.00,22.10,127.30,422.80,,2.20,13.31,8.03,30.62,7.53,20.14,15.29,,,,,,,,95.22,161.43,20.89,46.00,63.50,19.63,412.49,0.06,15.42,,,,,,,,,,,,,,,,,,,,,,,,,,,,,,,,,,,,
C080,2020004182,IMOG/VLACO/NOV,BaW_Vlaco,Belgium,com,n,2020,,green,green,n,,,8.76,1051,57.0868257,136.2408277,0.419014085,46.7,21.58,46.2,53.8,451.2,6.4,,9,5.2,0.83,31.3,26.1,17.16,1.67,26.40,0.37,26.03,15.80,,,,,,,,,2.55,12.06,4.21,32.51,1.00,6.81,3.32,,,,,,,,179.72,233.70,44.82,71.27,7.56,11.09,524.50,0.02,43.71,,,,,,,,,,,,,,,,,,,,,,,,,,,,,,,,,,,,
C081,2020004183,IMOG/VLACO/DEC,BaW_Vlaco,Belgium,com,n,2020,,green,green,n,,,8.59,939,26.78621779,67.20051129,0.398601399,42.1,19.37,46,54,462.6,7.1,,8.2,4.8,0.86,28.2,23.4,15.19,1.59,26.20,0.35,25.85,16.40,,,,,,,,,2.10,8.92,3.74,30.07,0.77,7.88,3.36,,,,,,,,166.67,233.91,44.70,57.82,10.27,25.05,525.37,0.05,18.30,,,,,,,,,,,,,,,,,,,,,,,,,,,,,,,,,,,,
C082,2020004184,IOK/VLACO/200213,BaW_Vlaco,Belgium,com,n,2020,,green,green,n,,,7.57,343,< 19.1769851631501,< 19.1769851631501,1,45.5,28.71,63.1,36.9,413.2,6.8,,15.3,4.4,1.13,37.1,32.7,17.44,0.83,24.10,< 0.08,24.10,29.00,,,,,,,,,1.19,3.91,1.93,11.64,0.22,5.47,1.77,,,,,,,,23.43,61.59,16.11,4.69,0.54,3.92,97.54,0.04,22.89,,,,,,,,,,,,,,,,,,,,,,,,,,,,,,,,,,,,
C083,2020004185,IGE/VLACO/20224,BaW_Vlaco,Belgium,com,n,2020,,green,green,n,,,8.61,511,20.15509193,229.5273902,0.087811271,32.5,20.09,61.8,38.2,537.9,2.3,,5.4,2.7,0.63,21.1,18.3,12.88,1.02,16.80,0.16,16.64,16.60,,,,,,,,,1.78,5.06,2.96,18.62,0.33,7.40,2.77,,,,,,,,98.77,130.12,34.17,27.63,2.31,44.10,329.76,0.15,5.82,,,,,,,,,,,,,,,,,,,,,,,,,,,,,,,,,,,,
C084,2020009107,IMOG/VLACO/GROEN/200716/DEC,BaW_Vlaco,Belgium,com,n,2020,,green,green,n,,,8.39,697,41.61975845,65.69730466,0.633507853,41.2,29.95,72.7,27.3,399.9,1.9,,9.3,9.9,1.23,34.8,24.9,15.55,1.38,24.80,0.24,24.56,18.00,,,,,,,215.60,,1.88,7.17,3.09,22.53,0.46,7.48,3.88,,,,,,,,95.11,211.96,57.56,23.78,3.99,10.27,366.85,0.03,32.22,,,,,,,,,,,,,,,,,,,,,,,,,,,,,,,,,,,,
C085,2013010452,Sy31_IMOG/1/COMPOST/REF/<15/,Syneco,Belgium,com,n,2013,IMOG,green,green,n,,,7.785,740,< 18.5384473494191,152.2006527,0.06090134,35.7,25.03,70.1,29.9,384.75,13.8,,,,,,,,1.11,,,,,0.48,12.90,22.96,32.00,5.40,124.25,200.95,,1.86,9.58,3.61,26.57,0.63,6.28,3.88,,,,,,,,,,,,,,,,,,,,,,,,,,,,,,,,,,,,,,,,,,,,,,,,,,,,
C086,2013012190,Sy49_IVM/1/COMPOST/REF/<20/,Syneco,Belgium,com,n,2013,IVM,green,green,n,,,7.875,420,57.81282955,30.88372654,1.87195122,32.45,23.41,72.15,27.85,368,7.6,,,,,,,,0.96,,,,,0.46,10.55,21.73,28.85,4.75,115.20,193.45,,1.82,6.73,2.91,20.82,0.53,5.63,2.99,,,,,,,,,,,,,,,,,,,,,,,,,,,,,,,,,,,,,,,,,,,,,,,,,,,,
C087,2013012246,Sy60_IBOG/1/COMPOST/REF/<15/,Syneco,Belgium,com,n,2013,,green,green,n,,,8.71,405,< 15.3003809029826,17.74844185,0.431034483,31.25,20.16,64.5,35.5,506.65,3.1,,,,,,,,0.78,,,,,1.07,15.00,25.48,56.95,11.70,127.35,253.25,,1.54,5.71,2.73,18.88,0.40,7.25,3.62,,,,,,,,,,,,,,,,,,,,,,,,,,,,,,,,,,,,,,,,,,,,,,,,,,,,
C088,2013012622,Sy82_WEST/1/COMPOST/REF/<10/,Syneco,Belgium,com,n,2013,,green,green,n,,,8.11,776,< 16.3029106890686,217.6438577,0.037453184,41.9,30.08,71.8,28.2,427.15,12.5,,,,,,,,1.21,,,,,0.49,13.35,29.11,36.40,5.60,137.45,185.55,,2.12,10.89,2.93,22.06,0.56,6.86,4.06,,,,,,,,,,,,,,,,,,,,,,,,,,,,,,,,,,,,,,,,,,,,,,,,,,,,
C089,2013013972,Sy98_IVBO/1/COMPOST/REF/<20/,Syneco,Belgium,com,n,2013,,green,green,n,,,5.79,755,< 14.806490276948,304.1253103,0.024342746,31,24.66,79.55,20.45,424.5,8.35,,,,,,,,1.19,,,,,0.54,11.90,26.27,41.75,9.35,132.90,147.90,,2.00,9.93,3.86,22.30,0.51,2.90,2.69,,,,,,,,,,,,,,,,,,,,,,,,,,,,,,,,,,,,,,,,,,,,,,,,,,,,
C090,2013014580,Sy109_IOK/1/COMPOST/REF/<10/,Syneco,Belgium,com,n,2013,,green,green,n,,,7.485,464.5,< 16.3657174877838,124.5431101,0.065703022,31.95,22.72,71.1,28.9,429.7,9.45,,,,,,,,0.97,,,,,0.75,11.35,25.06,37.20,4.90,205.50,161.95,,1.61,6.86,3.15,15.20,0.31,6.03,2.36,,,,,,,,,,,,,,,,,,,,,,,,,,,,,,,,,,,,,,,,,,,,,,,,,,,,
C091,2013014584,Sy121_AALT/1/COMPOST/REF/<20/,Syneco,Belgium,com,n,2013,,green,green,n,,,7.87,486,21.90995965,110.7479992,0.197836167,29.65,20.80,70.15,29.85,416.4,3.95,,,,,,,,1.05,,,,,0.49,11.00,17.81,33.60,5.70,114.20,176.40,,1.77,7.64,3.40,17.07,0.29,5.57,2.67,,,,,,,,,,,,,,,,,,,,,,,,,,,,,,,,,,,,,,,,,,,,,,,,,,,,
C092,2013014622,Sy136_IGEAN/1/COMPOST/REF/<20/,Syneco,Belgium,com,n,2013,,green,green,n,,,6.205,669.5,< 19.4614813495759,245.214665,0.03968254,39.95,26.89,67.3,32.7,381.75,13.3,,,,,,,,0.93,,,,,0.96,12.80,26.86,55.05,6.45,153.80,153.65,,1.46,6.00,2.28,14.70,0.37,5.71,2.46,,,,,,,,,,,,,,,,,,,,,,,,,,,,,,,,,,,,,,,,,,,,,,,,,,,,
C093,2013019100,Sy146_IBOG/2/COMPOST/EXP/<15/,Syneco,Belgium,com,n,2013,,green,green,n,,,8.87,1040,46.11391289,174.4308879,0.264367816,30.4,15.64,51.45,48.55,581.65,7.7,,,,,,,,1.42,,,,,0.92,15.25,29.26,67.80,6.25,177.55,241.00,,2.57,14.71,3.39,23.21,0.49,7.37,4.08,,,,,,,,,,,,,,,,,,,,,,,,,,,,,,,,,,,,,,,,,,,,,,,,,,,,
C094,2013019125,Sy155_IMOG/2/COMPOST/REF/<15/,Syneco,Belgium,com,n,2013,IMOG,green,green,n,,,8.65,1474.5,< 19.1658724808257,467.6472885,0.020491803,38.7,19.64,50.75,49.25,514.05,13.2,,,,,,,,1.93,,,,,0.68,11.70,30.57,33.55,6.55,163.00,225.80,,3.35,21.76,4.87,26.06,0.94,5.84,4.04,,,,,,,,,,,,,,,,,,,,,,,,,,,,,,,,,,,,,,,,,,,,,,,,,,,,
C095,2014002081,Sy175_IVAR/1/COMPOST/REF/<20/,Syneco,Belgium,com,n,2014,,green,green,n,,,8.995,966,59.34177775,441.4052783,0.134438306,28.2,17.81,63.15,36.85,487,5.6,,,,,,,,1.45,,,,,0.64,11.20,29.29,44.35,6.95,147.25,186.85,,2.49,9.90,3.85,19.74,0.45,6.09,3.18,,,,,,,,,,,,,,,,,,,,,,,,,,,,,,,,,,,,,,,,,,,,,,,,,,,,
C096,2014002431,Sy200_IVBO/2/COMPOST/REF/<20/,Syneco,Belgium,com,n,2014,,green,green,n,,,8.73,952,53.97780703,57.92740267,0.931818182,33.75,16.88,50,50,531.7,5.75,,,,,,,,1.64,,,,,0.35,12.85,36.88,31.15,7.20,133.25,168.25,,2.67,10.72,3.83,25.20,0.70,5.35,3.07,,,,,,,,,,,,,,,,,,,,,,,,,,,,,,,,,,,,,,,,,,,,,,,,,,,,
C097,2014002492,Sy209_WEST/2/COMPOST/REF/<15/,Syneco,Belgium,com,n,2014,,green,green,n,,,8.83,1271,< 14.4191251815818,577.197581,0.012490632,28.65,16.63,58.05,41.95,597.35,2.75,,,,,,,,1.30,,,,,0.42,20.35,42.59,51.75,7.15,168.10,206.15,,2.77,10.66,3.48,25.55,0.78,7.77,4.29,,,,,,,,,,,,,,,,,,,,,,,,,,,,,,,,,,,,,,,,,,,,,,,,,,,,
C098,2014002503,Sy219_IGEAN/2/COMPOST/REF/<20/,Syneco,Belgium,com,n,2014,,green,green,n,,,8.71,885.5,< 20.9330005823561,360.04761,0.029069767,39.4,20.67,52.45,47.55,455.4,11,,,,,,,,1.50,,,,,0.89,15.60,28.15,39.55,6.85,150.30,177.55,,2.51,5.03,2.44,10.56,0.27,3.21,1.67,,,,,,,,,,,,,,,,,,,,,,,,,,,,,,,,,,,,,,,,,,,,,,,,,,,,
C099,2014004161,Sy233_IOK/2/COMPOST/REF/<10/,Syneco,Belgium,com,n,2014,,green,green,n,,,8.55,765.5,151.0100986,31.79159971,4.75,26.3,13.58,51.65,48.35,548.1,7.85,,,,,,,,1.22,,,,,0.74,9.65,29.11,35.25,3.90,193.75,162.10,,1.96,8.90,4.38,20.25,0.33,6.63,2.67,,,,,,,,,,,,,,,,,,,,,,,,,,,,,,,,,,,,,,,,,,,,,,,,,,,,
C100,2014004165,Sy244_AALT/2/COMPOST/REF/<20/,Syneco,Belgium,com,n,2014,,green,green,n,,,8.7,786,97.5636695,283.9470947,0.343598055,26.7,16.62,62.25,37.75,523.6,5.25,,,,,,,,1.15,,,,,0.48,11.70,20.51,35.00,4.40,113.50,171.90,,1.96,8.12,2.64,15.20,0.34,6.05,3.53,,,,,,,,,,,,,,,,,,,,,,,,,,,,,,,,,,,,,,,,,,,,,,,,,,,,
C101,2014004167,Sy252_IVM/2/COMPOST/REF/<20/,Syneco,Belgium,com,n,2014,,green,green,n,,,8.61,1319.5,< 18.9945663193858,630.8095475,0.015055706,30.95,15.77,50.95,49.05,516.65,12,,,,,,,,1.43,,,,,0.49,11.70,26.05,35.45,5.05,134.10,220.25,,2.50,9.63,3.65,20.05,0.55,5.17,3.39,,,,,,,,,,,,,,,,,,,,,,,,,,,,,,,,,,,,,,,,,,,,,,,,,,,,
C102,2014008440,Sy267_IBOG/3/COMPOST/REF/0-30/,Syneco,Belgium,com,n,2014,,green,green,n,,,8.69,536.5,< 17.7710295254993,20.25897366,0.438596491,31.5,17.14,54.4,45.6,517.2,2.2,,,,,,,,1.09,,,,,0.98,11.65,26.54,45.55,5.75,149.25,237.05,,1.76,6.11,4.47,27.17,1.17,6.52,3.55,,,,,,,,,,,,,,,,,,,,,,,,,,,,,,,,,,,,,,,,,,,,,,,,,,,,
C103,2014009645,Sy278_IMOG/3/COMPOST/REF/0-15/,Syneco,Belgium,com,n,2014,IMOG,green,green,n,,,8.905,809.5,< 21.5950165612182,260.4358997,0.04145937,42.2,25.89,61.35,38.65,377.4,2.95,,,,,,,,1.38,,,,,0.59,13.85,28.07,31.10,6.20,160.70,250.20,,2.31,9.65,6.46,35.45,1.04,5.94,4.07,,,,,,,,,,,,,,,,,,,,,,,,,,,,,,,,,,,,,,,,,,,,,,,,,,,,
C104,2014010223,Sy291_IVAR/2/COMPOST/REF/<20/,Syneco,Belgium,com,n,2014,,green,green,n,,,8.71,1107.5,43.99501969,312.3079938,0.140870617,34.8,19.04,54.7,45.3,484.1,4.05,,,,,,,,1.51,,,,,0.90,11.10,30.14,50.75,6.10,197.25,222.85,,2.64,10.92,4.50,21.71,0.50,2.94,5.73,,,,,,,,,,,,,,,,,,,,,,,,,,,,,,,,,,,,,,,,,,,,,,,,,,,,
C105,2014011214,Sy302_IVBO/3/COMPOST/REF/<20/,Syneco,Belgium,com,n,2014,,green,green,n,,,8.58,436.5,< 20.5660496680383,74.86042079,0.137362637,31.15,14.87,47.75,52.25,509.15,0.9,,,,,,,,1.08,,,,,0.55,9.10,21.22,49.35,4.70,157.30,202.00,,1.72,3.79,4.62,23.12,0.40,2.20,3.67,,,,,,,,,,,,,,,,,,,,,,,,,,,,,,,,,,,,,,,,,,,,,,,,,,,,
C106,2014011218,Sy313_WEST/3/COMPOST/REF/<15/,Syneco,Belgium,com,n,2014,,green,green,n,,,8.575,1659,124.0183582,420.0574745,0.295241403,26.1,15.24,58.4,41.6,586.8,1.25,,,,,,,,1.25,,,,,0.60,13.30,35.73,33.30,7.70,177.10,217.75,,2.68,9.74,3.45,28.05,0.78,3.77,6.91,,,,,,,,,,,,,,,,,,,,,,,,,,,,,,,,,,,,,,,,,,,,,,,,,,,,
C107,2014012195,Sy319_IVM/3/COMPOST/REF/<20/,Syneco,Belgium,com,n,2014,,green,green,n,,,8.53,486,< 17.4269766112547,145.6895245,0.059808612,30.55,20.82,68.15,31.85,421,3.1,,,,,,,,0.87,,,,,0.46,9.90,18.53,30.40,4.30,112.00,176.05,,1.59,3.94,2.30,15.52,0.43,4.55,3.04,,,,,,,,,,,,,,,,,,,,,,,,,,,,,,,,,,,,,,,,,,,,,,,,,,,,
C108,2014012199,Sy330_IGEAN/3/COMPOST/REF/<20/,Syneco,Belgium,com,n,2014,,green,green,n,,,8.81,370,< 19.1409063563696,76.75503449,0.124688279,33.5,17.07,50.95,49.05,512.7,1.7,,,,,,,,0.93,,,,,1.01,11.20,26.25,50.85,5.40,158.95,201.25,,1.30,3.53,3.06,20.89,0.39,6.56,3.23,,,,,,,,,,,,,,,,,,,,,,,,,,,,,,,,,,,,,,,,,,,,,,,,,,,,
C109,2014012201,Sy335_IVAR/3/COMPOST/REF/<20/,Syneco,Belgium,com,n,2014,,green,green,n,,,8.655,597.5,< 19.6510175788178,< 19.6510175788178,1,35.05,19.45,55.5,44.5,458.45,2.35,,,,,,,,1.21,,,,,0.82,10.35,23.45,40.00,4.90,152.80,201.80,,1.81,5.45,3.63,19.38,0.45,5.83,3.07,,,,,,,,,,,,,,,,,,,,,,,,,,,,,,,,,,,,,,,,,,,,,,,,,,,,
C110,2014012203,Sy342_IOK/3/COMPOST/REF/<10/,Syneco,Belgium,com,n,2014,,green,green,n,,,7.255,593.5,< 20.701934274878,285.4796737,0.036258158,32.05,17.90,55.85,44.15,432.45,24.55,,,,,,,,0.80,,,,,0.76,9.95,24.89,30.25,3.90,166.70,154.95,,1.17,3.22,2.85,13.89,0.18,5.91,2.36,,,,,,,,,,,,,,,,,,,,,,,,,,,,,,,,,,,,,,,,,,,,,,,,,,,,
C111,2014012670,Sy358_AALT/3/COMPOST/REF/<20/,Syneco,Belgium,com,n,2014,,green,green,n,,,8.815,678,< 20.9291780682724,165.7590903,0.063131313,37.15,18.15,48.85,51.15,489.05,3.45,,,,,,,,1.17,,,,,0.51,10.15,22.99,30.50,5.10,121.60,183.85,,1.85,5.30,3.01,22.53,0.49,5.02,2.92,,,,,,,,,,,,,,,,,,,,,,,,,,,,,,,,,,,,,,,,,,,,,,,,,,,,
C112,,SYLVA farm compost,PhD Jarinda Viaene,Belgium,farm,n,2014,SYLVA,manure,manure,n,,,8.07,667,58.82352941,8.169934641,7.2,16.8,10.28,61.2,38.8,710,4.8,0,,,,,,,0.65,,,,,,,,,,,,,1.70,4.40,,,,,,,,,,,,,,,,,,,,,,,,,,,,,,,,,,,,,,,,,,,,,,,,,,,,,,,,,
C113,,Widar farm compost,PhD Jarinda Viaene,Belgium,farm,n,2014,Widar,manure,manure,n,,,7.65,975,209.0729783,966.469428,0.216326531,41.2,20.89,50.7,49.3,488,3.2,0,,,,,,,1.40,,,,,,,,,,,,,3.20,10.00,,,,,,,,,,,,,,,,,,,,,,,,,,,,,,,,,,,,,,,,,,,,,,,,,,,,,,,,,
C114,,Bolhuis farm compost sc B,PhD Jarinda Viaene,Belgium,farm,n,2015,Bolhuis,manure,manure,n,,,8.8,1625,441.2532637,4759.791123,0.092704334,53.4,20.45,38.3,61.7,391,6.9,2,,,,,,,2.62,,,,,,,,,,,,,4.40,22.00,,,,,,,,,,,,,,,,,,,,,,,,,,,,,,,,,,,,,,,,,,,,,,,,,,,,,,,,,
C115,,Bolhuis farm compost sc C,PhD Jarinda Viaene,Belgium,farm,n,2015,Bolhuis,manure,manure,n,,,8.6,1328,188.6409736,1423.935091,0.132478632,50.4,24.85,49.3,50.7,330,10.1,2,,,,,,,2.06,,,,,,,,,,,,,3.20,18.30,,,,,,,,,,,,,,,,,,,,,,,,,,,,,,,,,,,,,,,,,,,,,,,,,,,,,,,,,
C116,,Cabbage compost,PhD Jarinda Viaene,Belgium,farm,n,2013,ILVO farm composting,farm_plant,green,n,,,8.7,715,19.35483871,0,2.2212,27.4,12.74,46.5,53.5,617,12,,51.4,29.8,3.20,,,25.1,0.71,,,,,,,,,,,,,1.69,7.05,1.67,13.41,0.18,,,,,,,,,,,,,,,,,,,,,,,,,,,,,,,,,,,,,,,,,,,,,,,,,,,,,,
C117,,Leek compost,PhD Jarinda Viaene,Belgium,farm,n,2013,ILVO farm composting,farm_plant,green,n,,,8.6,548,9.975062344,0,0.9008,35.7,14.32,40.1,59.9,563,10,,46.3,26.4,3.10,,,23.5,0.79,,,,,,,,,,,,,1.54,6.24,1.68,12.85,0.20,,,,,,,,,,,,,,,,,,,,,,,,,,,,,,,,,,,,,,,,,,,,,,,,,,,,,,
C118,,Leek compost heath,PhD Jarinda Viaene,Belgium,farm,n,2014,ILVO farm composting,peat,green,n,,,7.4,247,< 99.1350467173908,< 99.1350467173908,1,47.9,15.04,31.4,68.6,514,3.3,,24.1,17.4,1.00,,,40.3,1.24,,,,,,,,,,,,,1.14,5.88,1.43,8.76,0.16,,,,,,,,,,,,,,,,,,,,,,,,,,,,,,,,,,,,,,,,,,,,,,,,,,,,,,
C119,,Leek compost strawberry,PhD Jarinda Viaene,Belgium,farm,n,2014,ILVO farm composting,peat,green,n,,,7.8,340,644.7368421,< 196.120382256454,6.574909091,71.4,16.28,22.8,77.2,492,2.7,,29.3,15.5,1.40,,,32.9,1.41,,,,,,,,,,,,,2.29,10.66,3.52,22.80,0.38,,,,,,,,,,,,,,,,,,,,,,,,,,,,,,,,,,,,,,,,,,,,,,,,,,,,,,
